,model,input,output,train_mse,test_mse,weighted_mse
0,nn_1,['t'],t,0.2689594069759649,0.27080562330093394,41.7381
1,nn_1,"['z', 't']",t,0.3651268120863165,0.3676220571205884,48.3646
2,nn_1,"['z', 't', 't2m']",t,0.3651268120863165,0.3676220571205884,48.3646
3,nn_1,['t2m'],t2m,0.24944785996839394,0.24990065319566554,47.3064
4,nn_1,"['z', 't']",t2m,0.3675361061059901,0.36828171596538045,57.9356
5,nn_1,"['z', 't', 't2m']",t2m,0.3675361061059901,0.36828171596538045,57.9356
